Outer Key,Inner Key (Tuple),Value
250,"(0, 0)","['AD', -0.03483551799473406]"
250,"(0, 1)","['AD', -0.1221582622555115]"
250,"(0, 2)","['AD', -0.2766392802490711]"
250,"(0, 3)","['AD', -0.1064422118391934]"
250,"(0, 4)","['AD', 0.15305527363221635]"
250,"(1, 0)","['AD', 0.10565972209475268]"
250,"(1, 1)","['AD', 0.09076200969499007]"
250,"(1, 2)","['AL', -0.30054365446937803]"
250,"(1, 3)","['AD', 1.4245560213111985]"
250,"(1, 4)","['AD', 1.7540959040722885]"
250,"(2, 0)","['AR', 0.17639103733709227]"
250,"(2, 1)","['AD', 0.28456254991586993]"
250,"(2, 3)","['AR', 4.84611721825554]"
250,"(2, 4)","['AD', 5.302153183884107]"
250,"(3, 0)","['AR', 0.32251600446882717]"
250,"(3, 1)","['AD', 0.35118364539945146]"
250,"(3, 3)","['AL', 2.1507356075894304]"
250,"(3, 4)","['AR', 5.824619685891534]"
250,"(4, 0)","['AL', 0.21612162379102565]"
250,"(4, 1)","['AD', 0.7485714784081311]"
250,"(4, 2)","['AU', 1.3436424654797474]"
250,"(4, 3)","['AU', 1.4385635886130848]"
500,"(0, 0)","['AD', -0.058893000069338154]"
500,"(0, 1)","['AD', -0.16525028955067492]"
500,"(0, 2)","['AD', -0.34216646097344794]"
500,"(0, 3)","['AD', -0.1400275078108509]"
500,"(0, 4)","['AD', 0.206383588554953]"
500,"(1, 0)","['AD', 0.1001693008628388]"
500,"(1, 1)","['AD', 0.0881778081705845]"
500,"(1, 2)","['AL', -0.31091313364490664]"
500,"(1, 3)","['AD', 1.4299120879585052]"
500,"(1, 4)","['AD', 1.7692340960666981]"
500,"(2, 0)","['AR', 0.1769074556545517]"
500,"(2, 1)","['AD', 0.28463839554434167]"
500,"(2, 3)","['AR', 4.836527907614199]"
500,"(2, 4)","['AD', 5.291473271091481]"
500,"(3, 0)","['AR', 0.3317937723237814]"
500,"(3, 1)","['AD', 0.35213962797552517]"
500,"(3, 3)","['AL', 2.0537077128249135]"
500,"(3, 4)","['AR', 5.820327971549532]"
500,"(4, 0)","['AL', 0.20597361956621826]"
500,"(4, 1)","['AD', 0.7472179280999562]"
500,"(4, 2)","['AU', 1.3516066867346712]"
500,"(4, 3)","['AU', 1.463296758908845]"
750,"(0, 0)","['AD', -0.05957742352491062]"
750,"(0, 1)","['AD', -0.18702184213626502]"
750,"(0, 2)","['AD', -0.38373444806706664]"
750,"(0, 3)","['AD', -0.10899919534603791]"
750,"(0, 4)","['AD', 0.26570512297391935]"
750,"(1, 0)","['AD', 0.10006190269264117]"
750,"(1, 1)","['AD', 0.0905064089690979]"
750,"(1, 2)","['AL', -0.32435098879834]"
750,"(1, 3)","['AD', 1.4429388840313666]"
750,"(1, 4)","['AD', 1.7864899229852178]"
750,"(2, 0)","['AR', 0.1777880571427732]"
750,"(2, 1)","['AD', 0.28482684034212447]"
750,"(2, 3)","['AR', 4.819676729785851]"
750,"(2, 4)","['AD', 5.286149534548468]"
750,"(3, 0)","['AR', 0.3340766911742768]"
750,"(3, 1)","['AD', 0.35256885731544857]"
750,"(3, 3)","['AL', 2.015153797561531]"
750,"(3, 4)","['AR', 5.818028488977272]"
750,"(4, 0)","['AL', 0.19575350435464495]"
750,"(4, 1)","['AD', 0.7483619311835418]"
750,"(4, 2)","['AU', 1.357592044325575]"
750,"(4, 3)","['AU', 1.494390451687246]"
1000,"(0, 0)","['AD', -0.04192996809347551]"
1000,"(0, 1)","['AD', -0.22350456183993472]"
1000,"(0, 2)","['AD', -0.4410034830650187]"
1000,"(0, 3)","['AD', -0.08766600917088463]"
1000,"(0, 4)","['AD', 0.327490726250619]"
1000,"(1, 0)","['AD', 0.09520183416882852]"
1000,"(1, 1)","['AD', 0.09120844244395926]"
1000,"(1, 2)","['AL', -0.3402495506509987]"
1000,"(1, 3)","['AD', 1.4601194129956672]"
1000,"(1, 4)","['AD', 1.8083247998123593]"
1000,"(2, 0)","['AR', 0.1771132023387613]"
1000,"(2, 1)","['AD', 0.28542769268426127]"
1000,"(2, 3)","['AR', 4.806943985936379]"
1000,"(2, 4)","['AD', 5.282765933778404]"
1000,"(3, 0)","['AR', 0.3307322627075633]"
1000,"(3, 1)","['AD', 0.35293100668698757]"
1000,"(3, 3)","['AL', 2.0650262481316046]"
1000,"(3, 4)","['AR', 5.816200891319162]"
1000,"(4, 0)","['AL', 0.1745329396174546]"
1000,"(4, 1)","['AD', 0.7493002066117983]"
1000,"(4, 2)","['AU', 1.3586902888157726]"
1000,"(4, 3)","['AU', 1.5260667641603014]"
1250,"(0, 0)","['AD', -0.055103221243331266]"
1250,"(0, 1)","['AD', -0.24088685681353403]"
1250,"(0, 2)","['AD', -0.4904914157409834]"
1250,"(0, 3)","['AD', -0.05453638154617973]"
1250,"(0, 4)","['AD', 0.3978838677897255]"
1250,"(1, 0)","['AD', 0.09101986457154833]"
1250,"(1, 1)","['AD', 0.09300370875579114]"
1250,"(1, 2)","['AL', -0.34396213749374155]"
1250,"(1, 3)","['AD', 1.4833371248086045]"
1250,"(1, 4)","['AD', 1.8319959197174338]"
1250,"(2, 0)","['AR', 0.1771436091980705]"
1250,"(2, 1)","['AD', 0.2850896296896103]"
1250,"(2, 3)","['AR', 4.805962983979838]"
1250,"(2, 4)","['AD', 5.281374580725232]"
1250,"(3, 0)","['AR', 0.3342406000179676]"
1250,"(3, 1)","['AD', 0.35339025209639535]"
1250,"(3, 3)","['AL', 2.1429543011394974]"
1250,"(3, 4)","['AR', 5.816644080480195]"
1250,"(4, 0)","['AL', 0.17379404202659188]"
1250,"(4, 1)","['AD', 0.7492489666649232]"
1250,"(4, 2)","['AU', 1.3617376306823807]"
1250,"(4, 3)","['AU', 1.5506863105978776]"
1500,"(0, 0)","['AD', -0.044423025355242465]"
1500,"(0, 1)","['AD', -0.24923933495359085]"
1500,"(0, 2)","['AD', -0.5164568372198416]"
1500,"(0, 3)","['AD', -0.0019980063015592408]"
1500,"(0, 4)","['AD', 0.4771016878839557]"
1500,"(1, 0)","['AD', 0.09156145090893682]"
1500,"(1, 1)","['AD', 0.09466876526219836]"
1500,"(1, 2)","['AL', -0.349673981152311]"
1500,"(1, 3)","['AD', 1.4967207721673448]"
1500,"(1, 4)","['AD', 1.862401807267841]"
1500,"(2, 0)","['AR', 0.179420817148854]"
1500,"(2, 1)","['AD', 0.285797736068769]"
1500,"(2, 3)","['AR', 4.800300805978386]"
1500,"(2, 4)","['AD', 5.279665024354356]"
1500,"(3, 0)","['AR', 0.349164249944593]"
1500,"(3, 1)","['AD', 0.3537961180401127]"
1500,"(3, 3)","['AL', 2.1646888023800264]"
1500,"(3, 4)","['AR', 5.813618097940698]"
1500,"(4, 0)","['AL', 0.17368829550967937]"
1500,"(4, 1)","['AD', 0.7489207944233545]"
1500,"(4, 2)","['AU', 1.3620834288538373]"
1500,"(4, 3)","['AU', 1.5848636250656396]"
1750,"(0, 0)","['AD', -0.03183800037722314]"
1750,"(0, 1)","['AD', -0.2676536853290946]"
1750,"(0, 2)","['AD', -0.5610820298806947]"
1750,"(0, 3)","['AD', 0.041003791155083756]"
1750,"(0, 4)","['AD', 0.5622189128542717]"
1750,"(1, 0)","['AD', 0.0954405142241504]"
1750,"(1, 1)","['AD', 0.09532382168941415]"
1750,"(1, 2)","['AL', -0.34751000498689183]"
1750,"(1, 3)","['AD', 1.5215298226880152]"
1750,"(1, 4)","['AD', 1.884268409367138]"
1750,"(2, 0)","['AR', 0.1802619245807361]"
1750,"(2, 1)","['AD', 0.28669819130420116]"
1750,"(2, 3)","['AR', 4.804739737451904]"
1750,"(2, 4)","['AD', 5.275192625436529]"
1750,"(3, 0)","['AR', 0.35565964389864013]"
1750,"(3, 1)","['AD', 0.3542117730136995]"
1750,"(3, 3)","['AL', 2.208425097259193]"
1750,"(3, 4)","['AR', 5.811928320735332]"
1750,"(4, 0)","['AL', 0.16794810344722944]"
1750,"(4, 1)","['AD', 0.749673260658641]"
1750,"(4, 2)","['AU', 1.3620192937044329]"
1750,"(4, 3)","['AU', 1.6189086687898537]"
2000,"(0, 0)","['AD', -0.015315591966456679]"
2000,"(0, 1)","['AD', -0.26928462906918116]"
2000,"(0, 2)","['AD', -0.5836814356172261]"
2000,"(0, 3)","['AD', 0.08579962962135042]"
2000,"(0, 4)","['AD', 0.6471308101234277]"
2000,"(1, 0)","['AD', 0.09925039501326678]"
2000,"(1, 1)","['AD', 0.09784978156179022]"
2000,"(1, 2)","['AL', -0.34560228441165]"
2000,"(1, 3)","['AD', 1.537074519451469]"
2000,"(1, 4)","['AD', 1.9138197945901525]"
2000,"(2, 0)","['AR', 0.18215310727272993]"
2000,"(2, 1)","['AD', 0.2873792267253254]"
2000,"(2, 3)","['AR', 4.810615501622488]"
2000,"(2, 4)","['AD', 5.273598513953673]"
2000,"(3, 0)","['AR', 0.3687745238654058]"
2000,"(3, 1)","['AD', 0.35499791268499964]"
2000,"(3, 3)","['AL', 2.244416968944084]"
2000,"(3, 4)","['AR', 5.810032159434555]"
2000,"(4, 0)","['AL', 0.16646454919777434]"
2000,"(4, 1)","['AD', 0.7507757011979683]"
2000,"(4, 2)","['AU', 1.367668512368058]"
2000,"(4, 3)","['AU', 1.6549056207298158]"
2250,"(0, 0)","['AD', -0.0013233489947357443]"
2250,"(0, 1)","['AD', -0.2843195381029102]"
2250,"(0, 2)","['AD', -0.6105865433532316]"
2250,"(0, 3)","['AD', 0.12886320372696725]"
2250,"(0, 4)","['AD', 0.7336906504625241]"
2250,"(1, 0)","['AD', 0.10054057974701723]"
2250,"(1, 1)","['AD', 0.09953182031832503]"
2250,"(1, 2)","['AL', -0.348252278246807]"
2250,"(1, 3)","['AD', 1.5615539433007433]"
2250,"(1, 4)","['AD', 1.9377223517026037]"
2250,"(2, 0)","['AR', 0.18415976520634306]"
2250,"(2, 1)","['AD', 0.28888401394075125]"
2250,"(2, 3)","['AR', 4.8178570255606115]"
2250,"(2, 4)","['AD', 5.272091006421122]"
2250,"(3, 0)","['AR', 0.38123688155871555]"
2250,"(3, 1)","['AD', 0.35626494608006765]"
2250,"(3, 3)","['AL', 2.3007027056662857]"
2250,"(3, 4)","['AR', 5.8069831230436435]"
2250,"(4, 0)","['AL', 0.16711148067046055]"
2250,"(4, 1)","['AD', 0.7513273339974847]"
2250,"(4, 2)","['AU', 1.372570026500281]"
2250,"(4, 3)","['AU', 1.6864445102997514]"
2500,"(0, 0)","['AD', 0.022667142779591424]"
2500,"(0, 1)","['AD', -0.28224546871966166]"
2500,"(0, 2)","['AD', -0.6277874000962327]"
2500,"(0, 3)","['AD', 0.18710998162634654]"
2500,"(0, 4)","['AD', 0.8166971632420638]"
2500,"(1, 0)","['AD', 0.10389228005611792]"
2500,"(1, 1)","['AD', 0.0998494912263003]"
2500,"(1, 2)","['AL', -0.3483322267553379]"
2500,"(1, 3)","['AD', 1.588355541078583]"
2500,"(1, 4)","['AD', 1.9610882693026275]"
2500,"(2, 0)","['AR', 0.1874280066158753]"
2500,"(2, 1)","['AD', 0.2901308107895503]"
2500,"(2, 3)","['AR', 4.818104562571712]"
2500,"(2, 4)","['AD', 5.272581602279939]"
2500,"(3, 0)","['AR', 0.39441104686344863]"
2500,"(3, 1)","['AD', 0.356886243586834]"
2500,"(3, 3)","['AL', 2.30054547956192]"
2500,"(3, 4)","['AR', 5.80499847889023]"
2500,"(4, 0)","['AL', 0.16957293458399772]"
2500,"(4, 1)","['AD', 0.752304567440418]"
2500,"(4, 2)","['AU', 1.3760813159838106]"
2500,"(4, 3)","['AU', 1.7215569163798259]"
2750,"(0, 0)","['AD', 0.03415844106051859]"
2750,"(0, 1)","['AD', -0.2833468366935851]"
2750,"(0, 2)","['AD', -0.6434966099747129]"
2750,"(0, 3)","['AD', 0.2408191575045933]"
2750,"(0, 4)","['AD', 0.8974028207867384]"
2750,"(1, 0)","['AD', 0.10800151568021212]"
2750,"(1, 1)","['AD', 0.10084768239928478]"
2750,"(1, 2)","['AL', -0.3478986864743197]"
2750,"(1, 3)","['AD', 1.614611541181018]"
2750,"(1, 4)","['AD', 1.988247816486201]"
2750,"(2, 0)","['AR', 0.19013138837549298]"
2750,"(2, 1)","['AD', 0.29122746931790594]"
2750,"(2, 3)","['AR', 4.827676731946382]"
2750,"(2, 4)","['AD', 5.273235789018545]"
2750,"(3, 0)","['AR', 0.40610385786788505]"
2750,"(3, 1)","['AD', 0.35797392789445864]"
2750,"(3, 3)","['AL', 2.344591172016878]"
2750,"(3, 4)","['AR', 5.805398798419175]"
2750,"(4, 0)","['AL', 0.17859576034624028]"
2750,"(4, 1)","['AD', 0.7533650872944717]"
2750,"(4, 2)","['AU', 1.38084462783238]"
2750,"(4, 3)","['AU', 1.7603102774068347]"
3000,"(0, 0)","['AD', 0.04202876166798312]"
3000,"(0, 1)","['AD', -0.2802009034948163]"
3000,"(0, 2)","['AD', -0.6604210881858443]"
3000,"(0, 3)","['AD', 0.2993370993097812]"
3000,"(0, 4)","['AD', 0.9724679960675944]"
3000,"(1, 0)","['AD', 0.11134305275654809]"
3000,"(1, 1)","['AD', 0.10420370129568424]"
3000,"(1, 2)","['AL', -0.3465438139842647]"
3000,"(1, 3)","['AD', 1.6434064217670816]"
3000,"(1, 4)","['AD', 2.01334794660866]"
3000,"(2, 0)","['AR', 0.19261843155973374]"
3000,"(2, 1)","['AD', 0.29160434990703393]"
3000,"(2, 3)","['AR', 4.835485875761907]"
3000,"(2, 4)","['AD', 5.279977100557273]"
3000,"(3, 0)","['AR', 0.4185634652622298]"
3000,"(3, 1)","['AD', 0.35905013030764427]"
3000,"(3, 3)","['AL', 2.3531097884604275]"
3000,"(3, 4)","['AR', 5.808835782741729]"
3000,"(4, 0)","['AL', 0.18591610648468604]"
3000,"(4, 1)","['AD', 0.7522438450509965]"
3000,"(4, 2)","['AU', 1.3908371661148322]"
3000,"(4, 3)","['AU', 1.7902339154082691]"
3250,"(0, 0)","['AD', 0.04274379373353552]"
3250,"(0, 1)","['AD', -0.29403094884376535]"
3250,"(0, 2)","['AD', -0.6754110177635593]"
3250,"(0, 3)","['AD', 0.3492574766747274]"
3250,"(0, 4)","['AD', 1.0436158910703226]"
3250,"(1, 0)","['AD', 0.11710379437900643]"
3250,"(1, 1)","['AD', 0.10674551139155482]"
3250,"(1, 2)","['AL', -0.34601797122530364]"
3250,"(1, 3)","['AD', 1.6687398160959852]"
3250,"(1, 4)","['AD', 2.043543895708256]"
3250,"(2, 0)","['AR', 0.19519024391075282]"
3250,"(2, 1)","['AD', 0.2928331353265952]"
3250,"(2, 3)","['AR', 4.848096757678689]"
3250,"(2, 4)","['AD', 5.280488972953882]"
3250,"(3, 0)","['AR', 0.4249835523311704]"
3250,"(3, 1)","['AD', 0.3598076156325113]"
3250,"(3, 3)","['AL', 2.39866714947217]"
3250,"(3, 4)","['AR', 5.809983816701833]"
3250,"(4, 0)","['AL', 0.1889126874678874]"
3250,"(4, 1)","['AD', 0.7520277356845829]"
3250,"(4, 2)","['AU', 1.3966109576126318]"
3250,"(4, 3)","['AU', 1.8239242903870754]"
3500,"(0, 0)","['AD', 0.04066090406519164]"
3500,"(0, 1)","['AD', -0.29279639019180737]"
3500,"(0, 2)","['AD', -0.6981970067906522]"
3500,"(0, 3)","['AD', 0.403382172624139]"
3500,"(0, 4)","['AD', 1.1166246999758356]"
3500,"(1, 0)","['AD', 0.12126953705475008]"
3500,"(1, 1)","['AD', 0.10981236900458197]"
3500,"(1, 2)","['AL', -0.3472015332202848]"
3500,"(1, 3)","['AD', 1.6921516232261984]"
3500,"(1, 4)","['AD', 2.067850314708124]"
3500,"(2, 0)","['AR', 0.1986069292125581]"
3500,"(2, 1)","['AD', 0.2937235037917071]"
3500,"(2, 3)","['AR', 4.852887151127533]"
3500,"(2, 4)","['AD', 5.285677368448398]"
3500,"(3, 0)","['AR', 0.43099909725233554]"
3500,"(3, 1)","['AD', 0.3611050295080369]"
3500,"(3, 3)","['AL', 2.415672749718639]"
3500,"(3, 4)","['AR', 5.8082047989108885]"
3500,"(4, 0)","['AL', 0.19419405374419388]"
3500,"(4, 1)","['AD', 0.7523660519183488]"
3500,"(4, 2)","['AU', 1.403868612636359]"
3500,"(4, 3)","['AU', 1.8590800504728033]"
3750,"(0, 0)","['AD', 0.049326356921262575]"
3750,"(0, 1)","['AD', -0.30103839750895445]"
3750,"(0, 2)","['AD', -0.7054237872729324]"
3750,"(0, 3)","['AD', 0.4709282525101553]"
3750,"(0, 4)","['AD', 1.1932587292039007]"
3750,"(1, 0)","['AD', 0.1245262267052189]"
3750,"(1, 1)","['AD', 0.11389689071396399]"
3750,"(1, 2)","['AL', -0.3446377121235064]"
3750,"(1, 3)","['AD', 1.719430697039837]"
3750,"(1, 4)","['AD', 2.094619430793922]"
3750,"(2, 0)","['AR', 0.20170923650862344]"
3750,"(2, 1)","['AD', 0.29537986335070954]"
3750,"(2, 3)","['AR', 4.858823061222923]"
3750,"(2, 4)","['AD', 5.288151354851768]"
3750,"(3, 0)","['AR', 0.4461425018525644]"
3750,"(3, 1)","['AD', 0.36192334717806274]"
3750,"(3, 3)","['AL', 2.4564815626665277]"
3750,"(3, 4)","['AR', 5.808947446370284]"
3750,"(4, 0)","['AL', 0.1991866254480536]"
3750,"(4, 1)","['AD', 0.753110811773256]"
3750,"(4, 2)","['AU', 1.4089050136928056]"
3750,"(4, 3)","['AU', 1.893010776689686]"
4000,"(0, 0)","['AD', 0.05692232009394056]"
4000,"(0, 1)","['AD', -0.2988025643366686]"
4000,"(0, 2)","['AD', -0.7234622547989653]"
4000,"(0, 3)","['AD', 0.5395172384302411]"
4000,"(0, 4)","['AD', 1.2602516766317144]"
4000,"(1, 0)","['AD', 0.12962972796958516]"
4000,"(1, 1)","['AD', 0.11654118051009864]"
4000,"(1, 2)","['AL', -0.3452755726720136]"
4000,"(1, 3)","['AD', 1.7428623188748191]"
4000,"(1, 4)","['AD', 2.12358082215861]"
4000,"(2, 0)","['AR', 0.20423576101162846]"
4000,"(2, 1)","['AD', 0.2965143052132827]"
4000,"(2, 3)","['AR', 4.861943871383518]"
4000,"(2, 4)","['AD', 5.29104161735633]"
4000,"(3, 0)","['AR', 0.45954726511604455]"
4000,"(3, 1)","['AD', 0.36252626423590606]"
4000,"(3, 3)","['AL', 2.4999971091801427]"
4000,"(3, 4)","['AR', 5.812359958480343]"
4000,"(4, 0)","['AL', 0.2061282360833401]"
4000,"(4, 1)","['AD', 0.7538276352755584]"
4000,"(4, 2)","['AU', 1.4111619941342806]"
4000,"(4, 3)","['AU', 1.9234436603807]"
4250,"(0, 0)","['AD', 0.06779574129741381]"
4250,"(0, 1)","['AD', -0.29813451187283896]"
4250,"(0, 2)","['AD', -0.7205413857210046]"
4250,"(0, 3)","['AD', 0.5999350470076459]"
4250,"(0, 4)","['AD', 1.3334619387054538]"
4250,"(1, 0)","['AD', 0.1333687284016544]"
4250,"(1, 1)","['AD', 0.1188848276405454]"
4250,"(1, 2)","['AL', -0.3422449553075188]"
4250,"(1, 3)","['AD', 1.7644735073119744]"
4250,"(1, 4)","['AD', 2.149308154736271]"
4250,"(2, 0)","['AR', 0.20749624573623351]"
4250,"(2, 1)","['AD', 0.297663962209953]"
4250,"(2, 3)","['AR', 4.867816735784084]"
4250,"(2, 4)","['AD', 5.296597740832379]"
4250,"(3, 0)","['AR', 0.47197499448228236]"
4250,"(3, 1)","['AD', 0.3635800829710559]"
4250,"(3, 3)","['AL', 2.5688579100664906]"
4250,"(3, 4)","['AR', 5.813921397187438]"
4250,"(4, 0)","['AL', 0.21741438130612495]"
4250,"(4, 1)","['AD', 0.7547567990042591]"
4250,"(4, 2)","['AU', 1.4186601081794519]"
4250,"(4, 3)","['AU', 1.9540764237607091]"
4500,"(0, 0)","['AD', 0.07597079689655203]"
4500,"(0, 1)","['AD', -0.2955238207426965]"
4500,"(0, 2)","['AD', -0.7301557714837581]"
4500,"(0, 3)","['AD', 0.6612575438156454]"
4500,"(0, 4)","['AD', 1.4015601442686687]"
4500,"(1, 0)","['AD', 0.13790951727723497]"
4500,"(1, 1)","['AD', 0.12250518563820849]"
4500,"(1, 2)","['AL', -0.33913263290930695]"
4500,"(1, 3)","['AD', 1.7886846711500652]"
4500,"(1, 4)","['AD', 2.1786423054289905]"
4500,"(2, 0)","['AR', 0.21126862194145934]"
4500,"(2, 1)","['AD', 0.2985762067144135]"
4500,"(2, 3)","['AR', 4.879674027158504]"
4500,"(2, 4)","['AD', 5.302332876352108]"
4500,"(3, 0)","['AR', 0.47925953623622025]"
4500,"(3, 1)","['AD', 0.3647119704401063]"
4500,"(3, 3)","['AL', 2.601685435390171]"
4500,"(3, 4)","['AR', 5.817240868465178]"
4500,"(4, 0)","['AL', 0.22643740896556735]"
4500,"(4, 1)","['AD', 0.754931249350343]"
4500,"(4, 2)","['AU', 1.4231156967050396]"
4500,"(4, 3)","['AU', 1.9853700865563506]"
4750,"(0, 0)","['AD', 0.08295815785504954]"
4750,"(0, 1)","['AD', -0.29127817380793913]"
4750,"(0, 2)","['AD', -0.7380622047563556]"
4750,"(0, 3)","['AD', 0.7195128109029967]"
4750,"(0, 4)","['AD', 1.4754031470754598]"
4750,"(1, 0)","['AD', 0.14234810600579]"
4750,"(1, 1)","['AD', 0.12463084293336077]"
4750,"(1, 2)","['AL', -0.3383372606720402]"
4750,"(1, 3)","['AD', 1.8170179084206708]"
4750,"(1, 4)","['AD', 2.2059434810876293]"
4750,"(2, 0)","['AR', 0.21467578984076982]"
4750,"(2, 1)","['AD', 0.2997603788025477]"
4750,"(2, 3)","['AR', 4.892694077244381]"
4750,"(2, 4)","['AD', 5.304535848242926]"
4750,"(3, 0)","['AR', 0.477611074626021]"
4750,"(3, 1)","['AD', 0.36562462930037215]"
4750,"(3, 3)","['AL', 2.629529221920254]"
4750,"(3, 4)","['AR', 5.822059342317162]"
4750,"(4, 0)","['AL', 0.23317903855934066]"
4750,"(4, 1)","['AD', 0.7554338789138376]"
4750,"(4, 2)","['AU', 1.4310789131140536]"
4750,"(4, 3)","['AU', 2.019138619373754]"
5000,"(0, 0)","['AD', 0.087810902330576]"
5000,"(0, 1)","['AD', -0.28791961180481296]"
5000,"(0, 2)","['AD', -0.7475201206590569]"
5000,"(0, 3)","['AD', 0.7695071896410768]"
5000,"(0, 4)","['AD', 1.5405490035462823]"
5000,"(1, 0)","['AD', 0.14707639909410058]"
5000,"(1, 1)","['AD', 0.12704118748335602]"
5000,"(1, 2)","['AL', -0.33710606455973974]"
5000,"(1, 3)","['AD', 1.8410708716194222]"
5000,"(1, 4)","['AD', 2.232980124475383]"
5000,"(2, 0)","['AR', 0.21853707461230354]"
5000,"(2, 1)","['AD', 0.3008467393420933]"
5000,"(2, 3)","['AR', 4.9088978554951455]"
5000,"(2, 4)","['AD', 5.311027778643212]"
5000,"(3, 0)","['AR', 0.4871315922686497]"
5000,"(3, 1)","['AD', 0.36646620929285373]"
5000,"(3, 3)","['AL', 2.6494180701663925]"
5000,"(3, 4)","['AR', 5.826585588864027]"
5000,"(4, 0)","['AL', 0.23711320036716474]"
5000,"(4, 1)","['AD', 0.7562768991144476]"
5000,"(4, 2)","['AU', 1.4404174685208333]"
5000,"(4, 3)","['AU', 2.054872439245629]"
5250,"(0, 0)","['AD', 0.0925425244017538]"
5250,"(0, 1)","['AD', -0.2818217155097458]"
5250,"(0, 2)","['AD', -0.7543017746476953]"
5250,"(0, 3)","['AD', 0.8268246314832333]"
5250,"(0, 4)","['AD', 1.608347177598585]"
5250,"(1, 0)","['AD', 0.1521312332190974]"
5250,"(1, 1)","['AD', 0.12940634550028557]"
5250,"(1, 2)","['AL', -0.33355481680622934]"
5250,"(1, 3)","['AD', 1.8666244699774142]"
5250,"(1, 4)","['AD', 2.2620773113770567]"
5250,"(2, 0)","['AR', 0.22018953001788033]"
5250,"(2, 1)","['AD', 0.30207154227501415]"
5250,"(2, 3)","['AR', 4.920449893336455]"
5250,"(2, 4)","['AD', 5.31648757892813]"
5250,"(3, 0)","['AR', 0.48995453055876825]"
5250,"(3, 1)","['AD', 0.367021914928822]"
5250,"(3, 3)","['AL', 2.659194390604891]"
5250,"(3, 4)","['AR', 5.829944988339251]"
5250,"(4, 0)","['AL', 0.24377509982256815]"
5250,"(4, 1)","['AD', 0.7556808073317934]"
5250,"(4, 2)","['AU', 1.4466503380184494]"
5250,"(4, 3)","['AU', 2.0884703711707546]"
5500,"(0, 0)","['AD', 0.09692021819868134]"
5500,"(0, 1)","['AD', -0.2823574056644979]"
5500,"(0, 2)","['AD', -0.7644669522706276]"
5500,"(0, 3)","['AD', 0.8702643347203606]"
5500,"(0, 4)","['AD', 1.6698440774440368]"
5500,"(1, 0)","['AD', 0.1563735986493791]"
5500,"(1, 1)","['AD', 0.131028585219806]"
5500,"(1, 2)","['AL', -0.33163803467443076]"
5500,"(1, 3)","['AD', 1.8937064414967564]"
5500,"(1, 4)","['AD', 2.2870408210619386]"
5500,"(2, 0)","['AR', 0.22439567999974427]"
5500,"(2, 1)","['AD', 0.30327676193433367]"
5500,"(2, 3)","['AR', 4.932264250244289]"
5500,"(2, 4)","['AD', 5.323949330644289]"
5500,"(3, 0)","['AR', 0.4946610144477917]"
5500,"(3, 1)","['AD', 0.3681406141798216]"
5500,"(3, 3)","['AL', 2.6733304158825604]"
5500,"(3, 4)","['AR', 5.832294557006593]"
5500,"(4, 0)","['AL', 0.24943956590420405]"
5500,"(4, 1)","['AD', 0.7556523953421649]"
5500,"(4, 2)","['AU', 1.4507223643544294]"
5500,"(4, 3)","['AU', 2.1204260583589263]"
5750,"(0, 0)","['AD', 0.10532226867978468]"
5750,"(0, 1)","['AD', -0.2859441655724073]"
5750,"(0, 2)","['AD', -0.7728926689021077]"
5750,"(0, 3)","['AD', 0.9239297788832255]"
5750,"(0, 4)","['AD', 1.7331447262625201]"
5750,"(1, 0)","['AD', 0.16072602583016987]"
5750,"(1, 1)","['AD', 0.13406657488597293]"
5750,"(1, 2)","['AL', -0.33085315552663647]"
5750,"(1, 3)","['AD', 1.9237375815843003]"
5750,"(1, 4)","['AD', 2.3123432875472245]"
5750,"(2, 0)","['AR', 0.22623585169933996]"
5750,"(2, 1)","['AD', 0.3042951922116069]"
5750,"(2, 3)","['AR', 4.942786946197894]"
5750,"(2, 4)","['AD', 5.327482960491238]"
5750,"(3, 0)","['AR', 0.5030952302068019]"
5750,"(3, 1)","['AD', 0.3688542005713372]"
5750,"(3, 3)","['AL', 2.6901449088385676]"
5750,"(3, 4)","['AR', 5.835864998046358]"
5750,"(4, 0)","['AL', 0.2532593342350569]"
5750,"(4, 1)","['AD', 0.7559017028683261]"
5750,"(4, 2)","['AU', 1.4592026327741618]"
5750,"(4, 3)","['AU', 2.153432924644556]"
6000,"(0, 0)","['AD', 0.11045139310864682]"
6000,"(0, 1)","['AD', -0.287656168744018]"
6000,"(0, 2)","['AD', -0.7816025374111353]"
6000,"(0, 3)","['AD', 0.9753415379012083]"
6000,"(0, 4)","['AD', 1.7968791927054268]"
6000,"(1, 0)","['AD', 0.16509711042308775]"
6000,"(1, 1)","['AD', 0.13672882268560108]"
6000,"(1, 2)","['AL', -0.32876828696633076]"
6000,"(1, 3)","['AD', 1.9470112475339527]"
6000,"(1, 4)","['AD', 2.341976107552868]"
6000,"(2, 0)","['AR', 0.22903809541754874]"
6000,"(2, 1)","['AD', 0.3046514309241598]"
6000,"(2, 3)","['AR', 4.956708132125754]"
6000,"(2, 4)","['AD', 5.3319030612526905]"
6000,"(3, 0)","['AR', 0.5105391548547975]"
6000,"(3, 1)","['AD', 0.3702585281843132]"
6000,"(3, 3)","['AL', 2.7121838245926577]"
6000,"(3, 4)","['AR', 5.841248495004497]"
6000,"(4, 0)","['AL', 0.26094247174925783]"
6000,"(4, 1)","['AD', 0.7563001859112873]"
6000,"(4, 2)","['AU', 1.467410624837973]"
6000,"(4, 3)","['AU', 2.187169337405961]"
6250,"(0, 0)","['AD', 0.11691550268039358]"
6250,"(0, 1)","['AD', -0.28694934954233997]"
6250,"(0, 2)","['AD', -0.7838680081859825]"
6250,"(0, 3)","['AD', 1.026191032848909]"
6250,"(0, 4)","['AD', 1.8588740579722225]"
6250,"(1, 0)","['AD', 0.16841465982501608]"
6250,"(1, 1)","['AD', 0.13896913070833777]"
6250,"(1, 2)","['AL', -0.3239553339016397]"
6250,"(1, 3)","['AD', 1.974905903261931]"
6250,"(1, 4)","['AD', 2.3684681714809113]"
6250,"(2, 0)","['AR', 0.2322081491548612]"
6250,"(2, 1)","['AD', 0.30583209080791085]"
6250,"(2, 3)","['AR', 4.971089847633723]"
6250,"(2, 4)","['AD', 5.335327827356161]"
6250,"(3, 0)","['AR', 0.5182145614966496]"
6250,"(3, 1)","['AD', 0.3714435778392907]"
6250,"(3, 3)","['AL', 2.7113690534876596]"
6250,"(3, 4)","['AR', 5.8456539461632095]"
6250,"(4, 0)","['AL', 0.2648996217403719]"
6250,"(4, 1)","['AD', 0.7567428851266225]"
6250,"(4, 2)","['AU', 1.4669725348587421]"
6250,"(4, 3)","['AU', 2.218461199248185]"
6500,"(0, 0)","['AD', 0.12041956393345467]"
6500,"(0, 1)","['AD', -0.2883056891110607]"
6500,"(0, 2)","['AD', -0.7915367059783783]"
6500,"(0, 3)","['AD', 1.0712404609413801]"
6500,"(0, 4)","['AD', 1.922608059630508]"
6500,"(1, 0)","['AD', 0.1732585279580842]"
6500,"(1, 1)","['AD', 0.14106873362201458]"
6500,"(1, 2)","['AL', -0.3280677617650017]"
6500,"(1, 3)","['AD', 1.9949224030042811]"
6500,"(1, 4)","['AD', 2.389816540435371]"
6500,"(2, 0)","['AR', 0.2343595341663994]"
6500,"(2, 1)","['AD', 0.30696526845874117]"
6500,"(2, 3)","['AR', 4.987493877552147]"
6500,"(2, 4)","['AD', 5.338515576592565]"
6500,"(3, 0)","['AR', 0.5262693712632738]"
6500,"(3, 1)","['AD', 0.37223549051237675]"
6500,"(3, 3)","['AL', 2.730219337799379]"
6500,"(3, 4)","['AR', 5.849911630041507]"
6500,"(4, 0)","['AL', 0.27023484607653686]"
6500,"(4, 1)","['AD', 0.7570978788071923]"
6500,"(4, 2)","['AU', 1.4730847147742774]"
6500,"(4, 3)","['AU', 2.2520843297451365]"
6750,"(0, 0)","['AD', 0.12164532574833871]"
6750,"(0, 1)","['AD', -0.29307119738761334]"
6750,"(0, 2)","['AD', -0.7983869504559464]"
6750,"(0, 3)","['AD', 1.1216072464107256]"
6750,"(0, 4)","['AD', 1.9749077781025282]"
6750,"(1, 0)","['AD', 0.17574549200114437]"
6750,"(1, 1)","['AD', 0.14314503553555286]"
6750,"(1, 2)","['AL', -0.32853035478790255]"
6750,"(1, 3)","['AD', 2.014941708143986]"
6750,"(1, 4)","['AD', 2.416499629695499]"
6750,"(2, 0)","['AR', 0.23681120690828955]"
6750,"(2, 1)","['AD', 0.3080367055700236]"
6750,"(2, 3)","['AR', 5.002057698307643]"
6750,"(2, 4)","['AD', 5.340981869181521]"
6750,"(3, 0)","['AR', 0.5297881153409615]"
6750,"(3, 1)","['AD', 0.37305861173869154]"
6750,"(3, 3)","['AL', 2.754014992563152]"
6750,"(3, 4)","['AR', 5.8552186930075045]"
6750,"(4, 0)","['AL', 0.27313354287822933]"
6750,"(4, 1)","['AD', 0.7582732251106976]"
6750,"(4, 2)","['AU', 1.4790278251522153]"
6750,"(4, 3)","['AU', 2.280094233084211]"
7000,"(0, 0)","['AD', 0.12261963697357749]"
7000,"(0, 1)","['AD', -0.2870371243335354]"
7000,"(0, 2)","['AD', -0.8101647751589723]"
7000,"(0, 3)","['AD', 1.1717527018216929]"
7000,"(0, 4)","['AD', 2.035771893303296]"
7000,"(1, 0)","['AD', 0.17933116140022254]"
7000,"(1, 1)","['AD', 0.14487378043443347]"
7000,"(1, 2)","['AL', -0.3286848319932301]"
7000,"(1, 3)","['AD', 2.0401992057168865]"
7000,"(1, 4)","['AD', 2.441508618855455]"
7000,"(2, 0)","['AR', 0.23880912786866373]"
7000,"(2, 1)","['AD', 0.309071719775769]"
7000,"(2, 3)","['AR', 5.01726149451287]"
7000,"(2, 4)","['AD', 5.347487604110766]"
7000,"(3, 0)","['AR', 0.5370832677231464]"
7000,"(3, 1)","['AD', 0.3736627049191489]"
7000,"(3, 3)","['AL', 2.776653296401668]"
7000,"(3, 4)","['AR', 5.857740005229652]"
7000,"(4, 0)","['AL', 0.276623715579159]"
7000,"(4, 1)","['AD', 0.7589156632285807]"
7000,"(4, 2)","['AU', 1.4885051699296445]"
7000,"(4, 3)","['AU', 2.31283714270298]"
7250,"(0, 0)","['AD', 0.12804191120973796]"
7250,"(0, 1)","['AD', -0.2853866118676372]"
7250,"(0, 2)","['AD', -0.820388908835321]"
7250,"(0, 3)","['AD', 1.2170443518516545]"
7250,"(0, 4)","['AD', 2.0914064946038886]"
7250,"(1, 0)","['AD', 0.18143144487266863]"
7250,"(1, 1)","['AD', 0.14717156318823296]"
7250,"(1, 2)","['AL', -0.3314325605793553]"
7250,"(1, 3)","['AD', 2.0652857338337376]"
7250,"(1, 4)","['AD', 2.4658882275302587]"
7250,"(2, 0)","['AR', 0.24107808308866907]"
7250,"(2, 1)","['AD', 0.3098451193021982]"
7250,"(2, 3)","['AR', 5.025084075784406]"
7250,"(2, 4)","['AD', 5.349761394552987]"
7250,"(3, 0)","['AR', 0.5399816795133965]"
7250,"(3, 1)","['AD', 0.3742840968036202]"
7250,"(3, 3)","['AL', 2.788718484114748]"
7250,"(3, 4)","['AR', 5.863072147408322]"
7250,"(4, 0)","['AL', 0.27850015423898605]"
7250,"(4, 1)","['AD', 0.7590949220816678]"
7250,"(4, 2)","['AU', 1.4929540922342932]"
7250,"(4, 3)","['AU', 2.3443908042401915]"
7500,"(0, 0)","['AD', 0.12919140428491216]"
7500,"(0, 1)","['AD', -0.2834177977513119]"
7500,"(0, 2)","['AD', -0.8216999513228466]"
7500,"(0, 3)","['AD', 1.2609618547614085]"
7500,"(0, 4)","['AD', 2.1443681126163208]"
7500,"(1, 0)","['AD', 0.18509016256522487]"
7500,"(1, 1)","['AD', 0.14893877896416668]"
7500,"(1, 2)","['AL', -0.3294358077644381]"
7500,"(1, 3)","['AD', 2.091959569801165]"
7500,"(1, 4)","['AD', 2.4911587937781987]"
7500,"(2, 0)","['AR', 0.2422541921888797]"
7500,"(2, 1)","['AD', 0.3108961785287213]"
7500,"(2, 3)","['AR', 5.03751306485128]"
7500,"(2, 4)","['AD', 5.352871043134313]"
7500,"(3, 0)","['AR', 0.5419517455424734]"
7500,"(3, 1)","['AD', 0.374903614180169]"
7500,"(3, 3)","['AL', 2.809112140866049]"
7500,"(3, 4)","['AR', 5.866527831916151]"
7500,"(4, 0)","['AL', 0.281668572963856]"
7500,"(4, 1)","['AD', 0.7590707186626771]"
7500,"(4, 2)","['AU', 1.5014300671538399]"
7500,"(4, 3)","['AU', 2.375013174476029]"
7750,"(0, 0)","['AD', 0.13110780301077074]"
7750,"(0, 1)","['AD', -0.28875756440939016]"
7750,"(0, 2)","['AD', -0.8260781692457855]"
7750,"(0, 3)","['AD', 1.3044874679095624]"
7750,"(0, 4)","['AD', 2.1976327614208584]"
7750,"(1, 0)","['AD', 0.18800143513840392]"
7750,"(1, 1)","['AD', 0.15047412792369005]"
7750,"(1, 2)","['AL', -0.33047104710101455]"
7750,"(1, 3)","['AD', 2.1120077908398733]"
7750,"(1, 4)","['AD', 2.516914291656195]"
7750,"(2, 0)","['AR', 0.24421938041125404]"
7750,"(2, 1)","['AD', 0.31176080950951335]"
7750,"(2, 3)","['AR', 5.045797639545952]"
7750,"(2, 4)","['AD', 5.354612078485061]"
7750,"(3, 0)","['AR', 0.5449553556569271]"
7750,"(3, 1)","['AD', 0.3752891579015571]"
7750,"(3, 3)","['AL', 2.8187882597742395]"
7750,"(3, 4)","['AR', 5.870436524796828]"
7750,"(4, 0)","['AL', 0.28589175324080746]"
7750,"(4, 1)","['AD', 0.7586297892777494]"
7750,"(4, 2)","['AU', 1.5118959216368453]"
7750,"(4, 3)","['AU', 2.4052824585154187]"
8000,"(0, 0)","['AD', 0.1333630600573561]"
8000,"(0, 1)","['AD', -0.28935274395145255]"
8000,"(0, 2)","['AD', -0.832680271303163]"
8000,"(0, 3)","['AD', 1.3505384205827171]"
8000,"(0, 4)","['AD', 2.2505686081092398]"
8000,"(1, 0)","['AD', 0.1911526965191885]"
8000,"(1, 1)","['AD', 0.15253360641592498]"
8000,"(1, 2)","['AL', -0.3282417308602693]"
8000,"(1, 3)","['AD', 2.136455999919273]"
8000,"(1, 4)","['AD', 2.540775010177795]"
8000,"(2, 0)","['AR', 0.24593241614428366]"
8000,"(2, 1)","['AD', 0.3122838313333817]"
8000,"(2, 3)","['AR', 5.055270201812804]"
8000,"(2, 4)","['AD', 5.359069711118638]"
8000,"(3, 0)","['AR', 0.5447202345832748]"
8000,"(3, 1)","['AD', 0.37587395028868764]"
8000,"(3, 3)","['AL', 2.8277903093619656]"
8000,"(3, 4)","['AR', 5.8736779248668665]"
8000,"(4, 0)","['AL', 0.28984229883746854]"
8000,"(4, 1)","['AD', 0.759559671055635]"
8000,"(4, 2)","['AU', 1.5176738251723099]"
8000,"(4, 3)","['AU', 2.436919747025428]"
8250,"(0, 0)","['AD', 0.13661151688074671]"
8250,"(0, 1)","['AD', -0.2871837683236579]"
8250,"(0, 2)","['AD', -0.8397179129018357]"
8250,"(0, 3)","['AD', 1.3974956873863806]"
8250,"(0, 4)","['AD', 2.2987792900263346]"
8250,"(1, 0)","['AD', 0.19314776011593762]"
8250,"(1, 1)","['AD', 0.1536292357709643]"
8250,"(1, 2)","['AL', -0.32833500040383895]"
8250,"(1, 3)","['AD', 2.159430353297575]"
8250,"(1, 4)","['AD', 2.564855464205567]"
8250,"(2, 0)","['AR', 0.246592393020547]"
8250,"(2, 1)","['AD', 0.3125128490829275]"
8250,"(2, 3)","['AR', 5.06275446580122]"
8250,"(2, 4)","['AD', 5.362889665796565]"
8250,"(3, 0)","['AR', 0.5448179456186052]"
8250,"(3, 1)","['AD', 0.3760273482122885]"
8250,"(3, 3)","['AL', 2.8272452098923813]"
8250,"(3, 4)","['AR', 5.880357557219803]"
8250,"(4, 0)","['AL', 0.29191361155288986]"
8250,"(4, 1)","['AD', 0.7592458163649167]"
8250,"(4, 2)","['AU', 1.5279072806489815]"
8250,"(4, 3)","['AU', 2.4655872213475893]"
8500,"(0, 0)","['AD', 0.13716697843874892]"
8500,"(0, 1)","['AD', -0.28444884830965445]"
8500,"(0, 2)","['AD', -0.8482641448639484]"
8500,"(0, 3)","['AD', 1.4361406503046672]"
8500,"(0, 4)","['AD', 2.3435082901787325]"
8500,"(1, 0)","['AD', 0.1955934428176608]"
8500,"(1, 1)","['AD', 0.15525839027296726]"
8500,"(1, 2)","['AL', -0.32727984777456504]"
8500,"(1, 3)","['AD', 2.1848614650585736]"
8500,"(1, 4)","['AD', 2.5876227521121886]"
8500,"(2, 0)","['AR', 0.24697745363661522]"
8500,"(2, 1)","['AD', 0.3131497131719405]"
8500,"(2, 3)","['AR', 5.072815198464284]"
8500,"(2, 4)","['AD', 5.36716217694864]"
8500,"(3, 0)","['AR', 0.5471441489349582]"
8500,"(3, 1)","['AD', 0.37653593836143157]"
8500,"(3, 3)","['AL', 2.8428808809635586]"
8500,"(3, 4)","['AR', 5.883382458305548]"
8500,"(4, 0)","['AL', 0.2923962068451842]"
8500,"(4, 1)","['AD', 0.7585674534954763]"
8500,"(4, 2)","['AU', 1.5380504731786535]"
8500,"(4, 3)","['AU', 2.4933612904304585]"
8750,"(0, 0)","['AD', 0.13913277523275575]"
8750,"(0, 1)","['AD', -0.285328940037173]"
8750,"(0, 2)","['AD', -0.849202390534061]"
8750,"(0, 3)","['AD', 1.4634340898870228]"
8750,"(0, 4)","['AD', 2.393038685154574]"
8750,"(1, 0)","['AD', 0.19772746252949605]"
8750,"(1, 1)","['AD', 0.15561518643186803]"
8750,"(1, 2)","['AL', -0.3262131392238569]"
8750,"(1, 3)","['AD', 2.206679690214693]"
8750,"(1, 4)","['AD', 2.6104311892674237]"
8750,"(2, 0)","['AR', 0.2480770494193558]"
8750,"(2, 1)","['AD', 0.31348625606810454]"
8750,"(2, 3)","['AR', 5.086535147912489]"
8750,"(2, 4)","['AD', 5.369315510446672]"
8750,"(3, 0)","['AR', 0.5469658545409719]"
8750,"(3, 1)","['AD', 0.3767805178222215]"
8750,"(3, 3)","['AL', 2.8618651409019282]"
8750,"(3, 4)","['AR', 5.8835469167207455]"
8750,"(4, 0)","['AL', 0.29414739675768586]"
8750,"(4, 1)","['AD', 0.7577359250624626]"
8750,"(4, 2)","['AU', 1.549304623920738]"
8750,"(4, 3)","['AU', 2.520643254272947]"
9000,"(0, 0)","['AD', 0.13938335374416883]"
9000,"(0, 1)","['AD', -0.2895889519342193]"
9000,"(0, 2)","['AD', -0.8627931437654573]"
9000,"(0, 3)","['AD', 1.4982600209709802]"
9000,"(0, 4)","['AD', 2.4444624375912496]"
9000,"(1, 0)","['AD', 0.19901643545504072]"
9000,"(1, 1)","['AD', 0.15647026958057003]"
9000,"(1, 2)","['AL', -0.3270686904865613]"
9000,"(1, 3)","['AD', 2.227908543590138]"
9000,"(1, 4)","['AD', 2.634045291139978]"
9000,"(2, 0)","['AR', 0.2492331707273708]"
9000,"(2, 1)","['AD', 0.31399904070791024]"
9000,"(2, 3)","['AR', 5.099097050009353]"
9000,"(2, 4)","['AD', 5.371664771045982]"
9000,"(3, 0)","['AR', 0.5461314259945991]"
9000,"(3, 1)","['AD', 0.37708449070020594]"
9000,"(3, 3)","['AL', 2.872521322626647]"
9000,"(3, 4)","['AR', 5.885332370133503]"
9000,"(4, 0)","['AL', 0.29476992080241826]"
9000,"(4, 1)","['AD', 0.7568161143727653]"
9000,"(4, 2)","['AU', 1.558473135950544]"
9000,"(4, 3)","['AU', 2.5462653419304924]"
9250,"(0, 0)","['AD', 0.14014051681318515]"
9250,"(0, 1)","['AD', -0.2856042867366536]"
9250,"(0, 2)","['AD', -0.870330093198387]"
9250,"(0, 3)","['AD', 1.535760355344401]"
9250,"(0, 4)","['AD', 2.4855432979091168]"
9250,"(1, 0)","['AD', 0.1992932830814064]"
9250,"(1, 1)","['AD', 0.15768032682489616]"
9250,"(1, 2)","['AL', -0.3288583373557963]"
9250,"(1, 3)","['AD', 2.2526496696289713]"
9250,"(1, 4)","['AD', 2.6548359836786597]"
9250,"(2, 0)","['AR', 0.25019776422151774]"
9250,"(2, 1)","['AD', 0.3142206386822968]"
9250,"(2, 3)","['AR', 5.112730329963926]"
9250,"(2, 4)","['AD', 5.3722113495292465]"
9250,"(3, 0)","['AR', 0.5437603351796723]"
9250,"(3, 1)","['AD', 0.37727177759213465]"
9250,"(3, 3)","['AL', 2.8724789892268427]"
9250,"(3, 4)","['AR', 5.8905669740399045]"
9250,"(4, 0)","['AL', 0.2961179468753812]"
9250,"(4, 1)","['AD', 0.7560485309535595]"
9250,"(4, 2)","['AU', 1.5629735913693596]"
9250,"(4, 3)","['AU', 2.5746837578308686]"
9500,"(0, 0)","['AD', 0.14001576778113206]"
9500,"(0, 1)","['AD', -0.2856675887958593]"
9500,"(0, 2)","['AD', -0.8735558502971205]"
9500,"(0, 3)","['AD', 1.5698882035126394]"
9500,"(0, 4)","['AD', 2.527846081389621]"
9500,"(1, 0)","['AD', 0.19987278338613457]"
9500,"(1, 1)","['AD', 0.1587842872681604]"
9500,"(1, 2)","['AL', -0.32792593127641456]"
9500,"(1, 3)","['AD', 2.274311678350449]"
9500,"(1, 4)","['AD', 2.6787281485338674]"
9500,"(2, 0)","['AR', 0.25084401330105394]"
9500,"(2, 1)","['AD', 0.31443869615966996]"
9500,"(2, 3)","['AR', 5.1166900912003985]"
9500,"(2, 4)","['AD', 5.376861336522949]"
9500,"(3, 0)","['AR', 0.5426817768186621]"
9500,"(3, 1)","['AD', 0.3776765785490032]"
9500,"(3, 3)","['AL', 2.869212474197573]"
9500,"(3, 4)","['AR', 5.891949389335593]"
9500,"(4, 0)","['AL', 0.29481851561999284]"
9500,"(4, 1)","['AD', 0.7551933594494795]"
9500,"(4, 2)","['AU', 1.5675196647512564]"
9500,"(4, 3)","['AU', 2.603581496366497]"
9750,"(0, 0)","['AD', 0.1399199301518142]"
9750,"(0, 1)","['AD', -0.28746217523976375]"
9750,"(0, 2)","['AD', -0.8852073062026486]"
9750,"(0, 3)","['AD', 1.6084880163270887]"
9750,"(0, 4)","['AD', 2.568534854994875]"
9750,"(1, 0)","['AD', 0.2005616552520489]"
9750,"(1, 1)","['AD', 0.15965224183166507]"
9750,"(1, 2)","['AL', -0.32919624357641564]"
9750,"(1, 3)","['AD', 2.292569399263026]"
9750,"(1, 4)","['AD', 2.7009379226569723]"
9750,"(2, 0)","['AR', 0.250885496092126]"
9750,"(2, 1)","['AD', 0.3144999508332988]"
9750,"(2, 3)","['AR', 5.125186242009059]"
9750,"(2, 4)","['AD', 5.381958820605952]"
9750,"(3, 0)","['AR', 0.5382965449339789]"
9750,"(3, 1)","['AD', 0.37799882631790443]"
9750,"(3, 3)","['AL', 2.8839033571698622]"
9750,"(3, 4)","['AR', 5.893662979381735]"
9750,"(4, 0)","['AL', 0.2944718687130507]"
9750,"(4, 1)","['AD', 0.7549295695153765]"
9750,"(4, 2)","['AU', 1.5723292875257577]"
9750,"(4, 3)","['AU', 2.6300011497898104]"
9999,"(0, 0)","['AD', 0.13816066161336588]"
9999,"(0, 1)","['AD', -0.2890286509943219]"
9999,"(0, 2)","['AD', -0.8884410266778378]"
9999,"(0, 3)","['AD', 1.6311766800776657]"
9999,"(0, 4)","['AD', 2.610316976062904]"
9999,"(1, 0)","['AD', 0.201072942485572]"
9999,"(1, 1)","['AD', 0.16060506060567484]"
9999,"(1, 2)","['AL', -0.32958958763421065]"
9999,"(1, 3)","['AD', 2.3117317009358316]"
9999,"(1, 4)","['AD', 2.722765766870802]"
9999,"(2, 0)","['AR', 0.2513711399122821]"
9999,"(2, 1)","['AD', 0.3148147681017855]"
9999,"(2, 3)","['AR', 5.1319355128903545]"
9999,"(2, 4)","['AD', 5.384101867327561]"
9999,"(3, 0)","['AR', 0.535603331127989]"
9999,"(3, 1)","['AD', 0.37810833308149033]"
9999,"(3, 3)","['AL', 2.8743384735112976]"
9999,"(3, 4)","['AR', 5.8993411301519725]"
9999,"(4, 0)","['AL', 0.2929869370957384]"
9999,"(4, 1)","['AD', 0.7541808691736032]"
9999,"(4, 2)","['AU', 1.5787031432595955]"
9999,"(4, 3)","['AU', 2.6563819638865316]"
